카테고리,메뉴명,칼로리(kcal),단백질(g),탄수화물(g),지방(g),계산근거
덮밥,2XL 그릴드 비프 덮밥,918,83.7,59.2,36.7,흰쌀밥 180g + 소목살 300g + 로메인 35g + 적근대 35g
덮밥,2XL 그릴드 삼겹 덮밥,1260,65.7,59.2,81.7,흰쌀밥 180g + 삼겹살 300g + 로메인 35g + 적근대 35g
덮밥,2XL 그릴드 치킨 덮밥,765,98.7,59.2,11.5,흰쌀밥 180g + 닭가슴살 300g + 로메인 35g + 적근대 35g
덮밥,2XL 그릴드 치킨렉(닭다리) 덮밥,903,83.7,59.2,35.2,흰쌀밥 180g + 닭다리살 300g + 로메인 35g + 적근대 35g
덮밥,3XL 그릴드 비프 덮밥,1350,135.7,59.2,60.7,흰쌀밥 180g + 소목살 500g + 로메인 35g + 적근대 35g
덮밥,3XL 그릴드 삼겹 덮밥,1920,105.7,59.2,135.7,흰쌀밥 180g + 삼겹살 500g + 로메인 35g + 적근대 35g
덮밥,3XL 그릴드 치킨 덮밥,1095,160.7,59.2,18.7,흰쌀밥 180g + 닭가슴살 500g + 로메인 35g + 적근대 35g
덮밥,3XL 그릴드 치킨렉(닭다리) 덮밥,1325,135.7,59.2,58.2,흰쌀밥 180g + 닭다리살 500g + 로메인 35g + 적근대 35g
덮밥,그릴드 비프 덮밥,702,57.7,59.2,24.7,흰쌀밥 180g + 소목살 200g + 로메인 35g + 적근대 35g
덮밥,그릴드 삼겹 덮밥,930,45.7,59.2,54.7,흰쌀밥 180g + 삼겹살 200g + 로메인 35g + 적근대 35g
덮밥,그릴드 치킨 덮밥,600,67.7,59.2,7.9,흰쌀밥 180g + 닭가슴살 200g + 로메인 35g + 적근대 35g
덮밥,그릴드 치킨렉(닭다리) 덮밥,692,57.7,59.2,23.7,흰쌀밥 180g + 닭다리살 200g + 로메인 35g + 적근대 35g
파스타,2XL 그릴드 비프 파스타,898,87.8,48.8,37.5,듀럼밀 파스타 150g + 소목살 300g + 로메인 35g + 적근대 35g
파스타,2XL 그릴드 삼겹 파스타,1240,69.8,48.8,82.5,듀럼밀 파스타 150g + 삼겹살 300g + 로메인 35g + 적근대 35g
파스타,2XL 그릴드 치킨 파스타,745,102.8,48.8,12.3,듀럼밀 파스타 150g + 닭가슴살 300g + 로메인 35g + 적근대 35g
파스타,2XL 그릴드 치킨렉(닭다리) 파스타,883,87.8,48.8,36.0,듀럼밀 파스타 150g + 닭다리살 300g + 로메인 35g + 적근대 35g
파스타,3XL 그릴드 비프 파스타,1330,139.7,48.8,61.5,듀럼밀 파스타 150g + 소목살 500g + 로메인 35g + 적근대 35g
파스타,3XL 그릴드 삼겹 파스타,1900,109.8,48.8,136.5,듀럼밀 파스타 150g + 삼겹살 500g + 로메인 35g + 적근대 35g
파스타,3XL 그릴드 치킨 파스타,1075,164.7,48.8,19.5,듀럼밀 파스타 150g + 닭가슴살 500g + 로메인 35g + 적근대 35g
파스타,3XL 그릴드 치킨렉(닭다리) 파스타,1305,139.7,48.8,59.0,듀럼밀 파스타 150g + 닭다리살 500g + 로메인 35g + 적근대 35g
파스타,그릴드 비프 파스타,682,61.8,48.8,25.5,듀럼밀 파스타 150g + 소목살 200g + 로메인 35g + 적근대 35g
파스타,그릴드 삼겹 파스타,910,49.8,48.8,55.5,듀럼밀 파스타 150g + 삼겹살 200g + 로메인 35g + 적근대 35g
파스타,그릴드 치킨 파스타,580,71.8,48.8,8.7,듀럼밀 파스타 150g + 닭가슴살 200g + 로메인 35g + 적근대 35g
파스타,그릴드 치킨렉(닭다리) 파스타,672,61.8,48.8,24.5,듀럼밀 파스타 150g + 닭다리살 200g + 로메인 35g + 적근대 35g
카레,2XL 그릴드 비프 카레라이스,1035,85.7,72.7,42.5,흰쌀밥 180g + 일본식 카레소스 1인분 + 소목살 300g
카레,2XL 그릴드 삼겹 카레라이스,1377,67.7,72.7,87.5,흰쌀밥 180g + 일본식 카레소스 1인분 + 삼겹살 300g
카레,2XL 그릴드 치킨 카레라이스,882,100.7,72.7,17.3,흰쌀밥 180g + 일본식 카레소스 1인분 + 닭가슴살 300g
카레,2XL 그릴드 치킨렉(닭다리) 카레라이스,1020,85.7,72.7,41.0,흰쌀밥 180g + 일본식 카레소스 1인분 + 닭다리살 300g
카레,3XL 그릴드 비프 카레라이스,1467,137.7,72.7,66.5,흰쌀밥 180g + 일본식 카레소스 1인분 + 소목살 500g
카레,3XL 그릴드 삼겹 카레라이스,2037,107.7,72.7,141.5,흰쌀밥 180g + 일본식 카레소스 1인분 + 삼겹살 500g
카레,3XL 그릴드 치킨 카레라이스,1212,162.7,72.7,24.5,흰쌀밥 180g + 일본식 카레소스 1인분 + 닭가슴살 500g
카레,3XL 그릴드 치킨렉(닭다리) 카레라이스,1442,137.7,72.7,64.0,흰쌀밥 180g + 일본식 카레소스 1인분 + 닭다리살 500g
카레,그릴드 비프 카레라이스,819,59.7,72.7,30.5,흰쌀밥 180g + 일본식 카레소스 1인분 + 소목살 200g
카레,그릴드 삼겹 카레라이스,1047,47.7,72.7,60.5,흰쌀밥 180g + 일본식 카레소스 1인분 + 삼겹살 200g
카레,그릴드 치킨 카레라이스,717,69.7,72.7,13.7,흰쌀밥 180g + 일본식 카레소스 1인분 + 닭가슴살 200g
카레,그릴드 치킨렉(닭다리) 카레라이스,809,59.7,72.7,29.5,흰쌀밥 180g + 일본식 카레소스 1인분 + 닭다리살 200g
샐러드,2XL 그릴드 비프 샐러드,673,80.1,4.9,36.4,소목살 300g + 로메인 70g + 적근대 70g
샐러드,2XL 그릴드 삼겹 샐러드,1015,62.1,4.9,81.3,삼겹살 300g + 로메인 70g + 적근대 70g
샐러드,2XL 그릴드 치킨 샐러드,520,95.1,4.9,11.2,닭가슴살 300g + 로메인 70g + 적근대 70g
샐러드,2XL 그릴드 치킨렉(닭다리) 샐러드,658,80.1,4.9,34.9,닭다리살 300g + 로메인 70g + 적근대 70g
샐러드,3XL 그릴드 비프 샐러드,1105,132.1,4.9,60.4,소목살 500g + 로메인 70g + 적근대 70g
샐러드,3XL 그릴드 삼겹 샐러드,1675,102.1,4.9,135.3,삼겹살 500g + 로메인 70g + 적근대 70g
샐러드,3XL 그릴드 치킨 샐러드,850,157.1,4.9,18.4,닭가슴살 500g + 로메인 70g + 적근대 70g
샐러드,3XL그릴드 치킨렉(닭다리) 샐러드,1080,132.1,4.9,57.9,닭다리살 500g + 로메인 70g + 적근대 70g
샐러드,그릴드 비프 샐러드,457,54.1,4.9,24.4,소목살 200g + 로메인 70g + 적근대 70g
샐러드,그릴드 삼겹 샐러드,685,42.1,4.9,54.4,삼겹살 200g + 로메인 70g + 적근대 70g
샐러드,그릴드 치킨 샐러드,355,64.1,4.9,7.5,닭가슴살 200g + 로메인 70g + 적근대 70g
샐러드,그릴드 치킨렉(닭다리) 샐러드,447,54.1,4.9,23.4,닭다리살 200g + 로메인 70g + 적근대 70g
